{
  "authors POST" : {
    "transaction" : "authors POST",
    "sampleCount" : 351,
    "errorCount" : 0,
    "errorPct" : 0.0,
    "meanResTime" : 611.3162393162394,
    "minResTime" : 82.0,
    "maxResTime" : 2980.0,
    "pct1ResTime" : 1398.600000000001,
    "pct2ResTime" : 2059.6,
    "pct3ResTime" : 2651.9600000000005,
    "throughput" : 3.855956409017006,
    "receivedKBytesPerSec" : 1.190675018950213,
    "sentKBytesPerSec" : 1.066410798737751
  },
  "activities DELETE " : {
    "transaction" : "activities DELETE ",
    "sampleCount" : 352,
    "errorCount" : 0,
    "errorPct" : 0.0,
    "meanResTime" : 347.7869318181819,
    "minResTime" : 73.0,
    "maxResTime" : 2974.0,
    "pct1ResTime" : 746.5999999999999,
    "pct2ResTime" : 931.9499999999994,
    "pct3ResTime" : 1771.1799999999944,
    "throughput" : 3.8490978676872607,
    "receivedKBytesPerSec" : 0.7931246582832149,
    "sentKBytesPerSec" : 0.7521506800164024
  },
  "users DELETE" : {
    "transaction" : "users DELETE",
    "sampleCount" : 310,
    "errorCount" : 0,
    "errorPct" : 0.0,
    "meanResTime" : 260.49354838709684,
    "minResTime" : 74.0,
    "maxResTime" : 1346.0,
    "pct1ResTime" : 539.8000000000001,
    "pct2ResTime" : 795.4999999999999,
    "pct3ResTime" : 1145.3799999999994,
    "throughput" : 3.9290738792633615,
    "receivedKBytesPerSec" : 0.8096040903560248,
    "sentKBytesPerSec" : 0.7485836322386848
  },
  "coverPhotos all GET" : {
    "transaction" : "coverPhotos all GET",
    "sampleCount" : 334,
    "errorCount" : 0,
    "errorPct" : 0.0,
    "meanResTime" : 503.5958083832336,
    "minResTime" : 82.0,
    "maxResTime" : 2280.0,
    "pct1ResTime" : 916.0,
    "pct2ResTime" : 1229.75,
    "pct3ResTime" : 1804.899999999998,
    "throughput" : 3.937147100774463,
    "receivedKBytesPerSec" : 79.73876340132968,
    "sentKBytesPerSec" : 0.6805420281612109
  },
  "coverPhotosCoverPhotosForBook  GET" : {
    "transaction" : "coverPhotosCoverPhotosForBook  GET",
    "sampleCount" : 329,
    "errorCount" : 0,
    "errorPct" : 0.0,
    "meanResTime" : 397.59878419452895,
    "minResTime" : 82.0,
    "maxResTime" : 2289.0,
    "pct1ResTime" : 775.0,
    "pct2ResTime" : 918.0,
    "pct3ResTime" : 1543.1999999999998,
    "throughput" : 4.003455870721231,
    "receivedKBytesPerSec" : 1.4011667746626266,
    "sentKBytesPerSec" : 0.6884742452451356
  },
  "authors all GET" : {
    "transaction" : "authors all GET",
    "sampleCount" : 351,
    "errorCount" : 0,
    "errorPct" : 0.0,
    "meanResTime" : 482.41025641025635,
    "minResTime" : 153.0,
    "maxResTime" : 2937.0,
    "pct1ResTime" : 904.2,
    "pct2ResTime" : 1118.7999999999993,
    "pct3ResTime" : 1967.0400000000004,
    "throughput" : 3.863596336738288,
    "receivedKBytesPerSec" : 181.36029110781195,
    "sentKBytesPerSec" : 0.6527364904841053
  },
  "authors DELETE" : {
    "transaction" : "authors DELETE",
    "sampleCount" : 349,
    "errorCount" : 0,
    "errorPct" : 0.0,
    "meanResTime" : 632.2521489971347,
    "minResTime" : 72.0,
    "maxResTime" : 3494.0,
    "pct1ResTime" : 1418.0,
    "pct2ResTime" : 1817.5,
    "pct3ResTime" : 2881.5,
    "throughput" : 3.8888393653057585,
    "receivedKBytesPerSec" : 0.8013135801557765,
    "sentKBytesPerSec" : 0.7485267120921733
  },
  "users all GET" : {
    "transaction" : "users all GET",
    "sampleCount" : 321,
    "errorCount" : 0,
    "errorPct" : 0.0,
    "meanResTime" : 301.08411214953264,
    "minResTime" : 77.0,
    "maxResTime" : 1524.0,
    "pct1ResTime" : 620.6,
    "pct2ResTime" : 836.9,
    "pct3ResTime" : 1159.8399999999992,
    "throughput" : 4.00539043198323,
    "receivedKBytesPerSec" : 3.0666270494871606,
    "sentKBytesPerSec" : 0.6688689100284495
  },
  "books PUT" : {
    "transaction" : "books PUT",
    "sampleCount" : 340,
    "errorCount" : 0,
    "errorPct" : 0.0,
    "meanResTime" : 776.6911764705883,
    "minResTime" : 80.0,
    "maxResTime" : 3809.0,
    "pct1ResTime" : 1578.5000000000002,
    "pct2ResTime" : 2140.899999999999,
    "pct3ResTime" : 3375.0299999999947,
    "throughput" : 3.8516001132823563,
    "receivedKBytesPerSec" : 1.5161914117813649,
    "sentKBytesPerSec" : 1.4187730104786178
  },
  "books POST" : {
    "transaction" : "books POST",
    "sampleCount" : 338,
    "errorCount" : 0,
    "errorPct" : 0.0,
    "meanResTime" : 671.9142011834323,
    "minResTime" : 80.0,
    "maxResTime" : 3403.0,
    "pct1ResTime" : 1290.8000000000002,
    "pct2ResTime" : 1580.9500000000005,
    "pct3ResTime" : 3193.2200000000003,
    "throughput" : 3.854267632134101,
    "receivedKBytesPerSec" : 1.5172659858030675,
    "sentKBytesPerSec" : 1.4382233878784425
  },
  "activities GET" : {
    "transaction" : "activities GET",
    "sampleCount" : 357,
    "errorCount" : 0,
    "errorPct" : 0.0,
    "meanResTime" : 310.76470588235327,
    "minResTime" : 72.0,
    "maxResTime" : 1244.0,
    "pct1ResTime" : 727.5999999999999,
    "pct2ResTime" : 835.0,
    "pct3ResTime" : 1100.1800000000012,
    "throughput" : 3.841601205208221,
    "receivedKBytesPerSec" : 1.3191002300118368,
    "sentKBytesPerSec" : 0.6681461348595716
  },
  "activities PUT " : {
    "transaction" : "activities PUT ",
    "sampleCount" : 354,
    "errorCount" : 0,
    "errorPct" : 0.0,
    "meanResTime" : 390.0734463276836,
    "minResTime" : 75.0,
    "maxResTime" : 2301.0,
    "pct1ResTime" : 914.5,
    "pct2ResTime" : 1188.5,
    "pct3ResTime" : 2086.899999999998,
    "throughput" : 3.8512587306077157,
    "receivedKBytesPerSec" : 1.302387896005135,
    "sentKBytesPerSec" : 1.1598419413227006
  },
  "authors PUT" : {
    "transaction" : "authors PUT",
    "sampleCount" : 349,
    "errorCount" : 0,
    "errorPct" : 0.0,
    "meanResTime" : 696.8280802292267,
    "minResTime" : 73.0,
    "maxResTime" : 4682.0,
    "pct1ResTime" : 1331.0,
    "pct2ResTime" : 2146.5,
    "pct3ResTime" : 3275.0,
    "throughput" : 3.8966984134073224,
    "receivedKBytesPerSec" : 1.2032273197358283,
    "sentKBytesPerSec" : 1.0590049043689915
  },
  "books GET" : {
    "transaction" : "books GET",
    "sampleCount" : 345,
    "errorCount" : 0,
    "errorPct" : 0.0,
    "meanResTime" : 998.7884057971016,
    "minResTime" : 166.0,
    "maxResTime" : 5531.0,
    "pct1ResTime" : 1923.2000000000005,
    "pct2ResTime" : 2525.0999999999995,
    "pct3ResTime" : 4009.9400000000064,
    "throughput" : 3.864117469171063,
    "receivedKBytesPerSec" : 18.241493603905557,
    "sentKBytesPerSec" : 0.6532073575036681
  },
  "books DELETE" : {
    "transaction" : "books DELETE",
    "sampleCount" : 334,
    "errorCount" : 0,
    "errorPct" : 0.0,
    "meanResTime" : 510.0419161676645,
    "minResTime" : 77.0,
    "maxResTime" : 2515.0,
    "pct1ResTime" : 1088.0,
    "pct2ResTime" : 1457.0,
    "pct3ResTime" : 2183.0999999999995,
    "throughput" : 3.9257169722614007,
    "receivedKBytesPerSec" : 0.8089123839327692,
    "sentKBytesPerSec" : 0.7479633139398214
  },
  "coverPhotos POST" : {
    "transaction" : "coverPhotos POST",
    "sampleCount" : 323,
    "errorCount" : 0,
    "errorPct" : 0.0,
    "meanResTime" : 420.3653250773994,
    "minResTime" : 84.0,
    "maxResTime" : 2640.0,
    "pct1ResTime" : 827.6000000000013,
    "pct2ResTime" : 1041.8000000000002,
    "pct3ResTime" : 1834.7599999999993,
    "throughput" : 3.9936694774846067,
    "receivedKBytesPerSec" : 1.2062801186663865,
    "sentKBytesPerSec" : 1.0580775404003562
  },
  "users PUT" : {
    "transaction" : "users PUT",
    "sampleCount" : 313,
    "errorCount" : 0,
    "errorPct" : 0.0,
    "meanResTime" : 311.2939297124601,
    "minResTime" : 73.0,
    "maxResTime" : 1641.0,
    "pct1ResTime" : 681.6000000000003,
    "pct2ResTime" : 944.6,
    "pct3ResTime" : 1202.16,
    "throughput" : 3.9331984568793277,
    "receivedKBytesPerSec" : 1.1987768247590447,
    "sentKBytesPerSec" : 1.0339936376116816
  },
  "users POST" : {
    "transaction" : "users POST",
    "sampleCount" : 316,
    "errorCount" : 0,
    "errorPct" : 0.0,
    "meanResTime" : 364.77215189873414,
    "minResTime" : 74.0,
    "maxResTime" : 1661.0,
    "pct1ResTime" : 779.0,
    "pct2ResTime" : 989.15,
    "pct3ResTime" : 1448.9199999999996,
    "throughput" : 3.9706972594649614,
    "receivedKBytesPerSec" : 1.2102022220511919,
    "sentKBytesPerSec" : 1.0473415922684493
  },
  "authors GET" : {
    "transaction" : "authors GET",
    "sampleCount" : 351,
    "errorCount" : 0,
    "errorPct" : 0.0,
    "meanResTime" : 323.76638176638147,
    "minResTime" : 73.0,
    "maxResTime" : 2249.0,
    "pct1ResTime" : 597.0,
    "pct2ResTime" : 746.3999999999997,
    "pct3ResTime" : 1265.88,
    "throughput" : 3.8866558150350468,
    "receivedKBytesPerSec" : 1.2536709900176062,
    "sentKBytesPerSec" : 0.6646018807649293
  },
  "users GET" : {
    "transaction" : "users GET",
    "sampleCount" : 317,
    "errorCount" : 0,
    "errorPct" : 0.0,
    "meanResTime" : 284.5425867507884,
    "minResTime" : 74.0,
    "maxResTime" : 1591.0,
    "pct1ResTime" : 576.7999999999996,
    "pct2ResTime" : 808.0999999999997,
    "pct3ResTime" : 1412.239999999999,
    "throughput" : 3.9800120530333465,
    "receivedKBytesPerSec" : 1.2060267324666032,
    "sentKBytesPerSec" : 0.6727844704198473
  },
  "activities POST" : {
    "transaction" : "activities POST",
    "sampleCount" : 356,
    "errorCount" : 0,
    "errorPct" : 0.0,
    "meanResTime" : 365.81741573033696,
    "minResTime" : 75.0,
    "maxResTime" : 2272.0,
    "pct1ResTime" : 814.4000000000001,
    "pct2ResTime" : 1046.449999999997,
    "pct3ResTime" : 1553.3500000000004,
    "throughput" : 3.8603339839514206,
    "receivedKBytesPerSec" : 1.3055460956137497,
    "sentKBytesPerSec" : 1.15852165677185
  },
  "coverPhotos GET" : {
    "transaction" : "coverPhotos GET",
    "sampleCount" : 332,
    "errorCount" : 0,
    "errorPct" : 0.0,
    "meanResTime" : 406.171686746988,
    "minResTime" : 78.0,
    "maxResTime" : 2676.0,
    "pct1ResTime" : 793.6999999999998,
    "pct2ResTime" : 1043.1,
    "pct3ResTime" : 1930.6800000000128,
    "throughput" : 4.010146152917019,
    "receivedKBytesPerSec" : 1.39570940028989,
    "sentKBytesPerSec" : 0.7013816017936948
  },
  "books all GET" : {
    "transaction" : "books all GET",
    "sampleCount" : 349,
    "errorCount" : 0,
    "errorPct" : 0.0,
    "meanResTime" : 1671.0429799426934,
    "minResTime" : 464.0,
    "maxResTime" : 5649.0,
    "pct1ResTime" : 2833.0,
    "pct2ResTime" : 3621.5,
    "pct3ResTime" : 5167.0,
    "throughput" : 3.8465777581836216,
    "receivedKBytesPerSec" : 3417.9024367457014,
    "sentKBytesPerSec" : 0.642348434227929
  },
  "Total" : {
    "transaction" : "Total",
    "sampleCount" : 9128,
    "errorCount" : 0,
    "errorPct" : 0.0,
    "meanResTime" : 657.0877519719508,
    "minResTime" : 72.0,
    "maxResTime" : 27710.0,
    "pct1ResTime" : 1134.1000000000004,
    "pct2ResTime" : 1548.0999999999985,
    "pct3ResTime" : 3402.709999999999,
    "throughput" : 75.5372762555755,
    "receivedKBytesPerSec" : 2801.1108654011264,
    "sentKBytesPerSec" : 16.675458673484165
  },
  "coverPhotos DELETE" : {
    "transaction" : "coverPhotos DELETE",
    "sampleCount" : 321,
    "errorCount" : 0,
    "errorPct" : 0.0,
    "meanResTime" : 326.42056074766344,
    "minResTime" : 75.0,
    "maxResTime" : 2315.0,
    "pct1ResTime" : 643.6,
    "pct2ResTime" : 834.0,
    "pct3ResTime" : 1444.0,
    "throughput" : 4.033220671198282,
    "receivedKBytesPerSec" : 0.8310640250223021,
    "sentKBytesPerSec" : 0.7920697466044303
  },
  "coverPhotos PUT" : {
    "transaction" : "coverPhotos PUT",
    "sampleCount" : 326,
    "errorCount" : 0,
    "errorPct" : 0.0,
    "meanResTime" : 443.34969325153384,
    "minResTime" : 81.0,
    "maxResTime" : 2189.0,
    "pct1ResTime" : 870.1000000000001,
    "pct2ResTime" : 1066.0,
    "pct3ResTime" : 1914.4400000000023,
    "throughput" : 4.008459571119418,
    "receivedKBytesPerSec" : 1.210736731199587,
    "sentKBytesPerSec" : 1.050626014410781
  },
  "activities all GET" : {
    "transaction" : "activities all GET",
    "sampleCount" : 359,
    "errorCount" : 0,
    "errorPct" : 0.0,
    "meanResTime" : 4245.470752089138,
    "minResTime" : 291.0,
    "maxResTime" : 27710.0,
    "pct1ResTime" : 27208.0,
    "pct2ResTime" : 27533.0,
    "pct3ResTime" : 27692.8,
    "throughput" : 2.9846279191573206,
    "receivedKBytesPerSec" : 9.053932639587472,
    "sentKBytesPerSec" : 0.5129829236051645
  },
  "authorsAuthorsForBook GET " : {
    "transaction" : "authorsAuthorsForBook GET ",
    "sampleCount" : 351,
    "errorCount" : 0,
    "errorPct" : 0.0,
    "meanResTime" : 347.96581196581207,
    "minResTime" : 75.0,
    "maxResTime" : 2100.0,
    "pct1ResTime" : 745.0,
    "pct2ResTime" : 998.8,
    "pct3ResTime" : 1724.48,
    "throughput" : 3.8845911218831968,
    "receivedKBytesPerSec" : 1.7913102678818464,
    "sentKBytesPerSec" : 0.6718359189105437
  }
}